{"cameraMode":{"drawMode":0,"name":"Shaded","section":"Shading Mode"},"sceneLighting":true,"audioPlay":false,"sceneViewState":{"showFog":true,"showMaterialUpdate":false,"showSkybox":true,"showFlares":true,"showImageEffects":true,"showParticleSystems":true},"in2DMode":false,"pivot":{"x":-0.2705666720867157,"y":1.4342124462127686,"z":0.157444030046463},"rotation":{"x":0.12864263355731965,"y":-0.20955435931682588,"z":0.02782316692173481,"w":0.9688994288444519},"size":3.957644462585449,"orthographic":true}